{
  "standard": {
    "buy": 0.0014269506750417826,
    "sell": 0.00038949423608583664
  },
  "fallback": {
    "buy": 0.0014989141225676347,
    "sell": -0.0003440242238823513
  }
}